-- phpMyAdmin SQL Dump
-- version 5.1.0
-- https://www.phpmyadmin.net/
--
-- Hôte : 127.0.0.1
-- Généré le : mer. 30 juin 2021 à 22:53
-- Version du serveur :  10.4.19-MariaDB
-- Version de PHP : 8.0.6

SET SQL_MODE = "NO_AUTO_VALUE_ON_ZERO";
START TRANSACTION;
SET time_zone = "+00:00";


/*!40101 SET @OLD_CHARACTER_SET_CLIENT=@@CHARACTER_SET_CLIENT */;
/*!40101 SET @OLD_CHARACTER_SET_RESULTS=@@CHARACTER_SET_RESULTS */;
/*!40101 SET @OLD_COLLATION_CONNECTION=@@COLLATION_CONNECTION */;
/*!40101 SET NAMES utf8mb4 */;

--
-- Base de données : `ecommerce`
--

-- --------------------------------------------------------

--
-- Structure de la table `article`
--

CREATE TABLE `article` (
  `id` int(11) NOT NULL,
  `seller_id` int(11) NOT NULL,
  `title` varchar(255) COLLATE utf8mb4_unicode_ci NOT NULL,
  `stock` int(11) NOT NULL,
  `nb_sold` int(11) NOT NULL,
  `price` double NOT NULL,
  `content` longtext COLLATE utf8mb4_unicode_ci NOT NULL,
  `image` varchar(255) COLLATE utf8mb4_unicode_ci NOT NULL,
  `created_at` datetime NOT NULL
) ENGINE=InnoDB DEFAULT CHARSET=utf8mb4 COLLATE=utf8mb4_unicode_ci;

--
-- Déchargement des données de la table `article`
--

INSERT INTO `article` (`id`, `seller_id`, `title`, `stock`, `nb_sold`, `price`, `content`, `image`, `created_at`) VALUES
(101, 98, 'Plomo', 100, 1, 20, 'Exercitationem et nisi quae maxime eius. Veniam perspiciatis voluptas atque ex cumque aliquam.\nVoluptas nobis sed labore voluptas. Soluta eaque culpa asperiores sed magnam aut. Est aut enim non nemo eum possimus. Cumque ut aut est numquam.\nSint dolor assumenda adipisci ipsam vero reiciendis. Est quod hic quaerat nulla. Earum explicabo veritatis laudantium temporibus.\nQui quis nihil facere magni reprehenderit neque dignissimos. Quod dicta quos placeat ea odio consequatur minima. Veniam sit sit est non doloremque cumque temporibus.\nQuidem fugit non eum ipsa voluptatem. Ducimus molestiae vero vel nesciunt dignissimos exercitationem. Est similique et voluptatem error doloremque. Id perferendis voluptas molestiae corporis ullam vel.\nRerum quasi quas et dolores et omnis et. Exercitationem repudiandae ipsa accusantium quae. Nemo numquam totam vel harum. Quae consectetur voluptatibus reprehenderit animi esse consectetur.\nEum est magnam error pariatur dicta architecto id. Ab dicta iusto suscipit et nobis. Id est molestiae hic nihil mollitia minus. Laboriosam consectetur quo molestias quia.\nTempora quia voluptatem vero ut. Natus nobis officia fuga provident at velit animi. Deserunt illum et quae aut qui. Quod aspernatur tempora quam.\nEt eos ducimus est libero totam. Numquam iste harum vero rerum. Quasi natus ut quibusdam perferendis. Hic molestiae quia cumque dicta rem aspernatur necessitatibus.\nNon sapiente consequatur quis optio aliquid quia. Laborum aut ipsum esse voluptas. Consequatur qui officia voluptas quod et quos temporibus. Voluptatum nihil laudantium ex sunt. Ut et consectetur ipsum provident.\nEius repellendus velit rerum illum earum autem et. Architecto accusamus corporis consectetur deleniti voluptate. In est ipsa eaque consequuntur voluptatum possimus.\nAutem labore at dignissimos possimus in. Eos quia blanditiis quidem tempore laborum maiores. Ut eius consequatur qui sed aut voluptate. Perspiciatis ea atque a.\nArchitecto ea exercitationem rem eveniet dolor neque. Commodi et facilis inventore ea qui dolorem consequatur. Et dolores aperiam aliquam rem excepturi voluptas ut eveniet. Occaecati nobis ab quo perferendis asperiores consequatur.\nQuod consequatur est architecto ullam. Sit dolorem officiis qui qui tempore fugiat. Quidem animi amet dignissimos quo. Ut ipsa libero ut sint qui.\nVeritatis dolorem eum qui dolores itaque fuga. Id nulla labore qui architecto. Ut nemo illo voluptatem rerum ut. Sequi quibusdam magni at sint qui quia nihil.\nOdio molestiae corrupti aperiam qui accusamus. Quidem omnis quia facilis corporis consequuntur sequi. Aut delectus impedit facere doloribus labore tempore soluta. Ipsa dolorum deleniti ut quod beatae inventore voluptatem.\nQuibusdam esse animi ducimus. Veniam in modi laborum accusantium velit. Necessitatibus modi totam omnis aut. Labore accusamus itaque repudiandae delectus autem illum cumque.\nNatus dolorum rerum rem assumenda sed dolore doloribus voluptas. Earum vel in sed impedit. Labore aut et quam qui.\nFugit sed non voluptas rerum et. Minima tempore asperiores occaecati odit unde. Reiciendis ut amet architecto quas temporibus id similique.\nMaxime aliquid corrupti aperiam vel neque. Enim non occaecati saepe cum. Consectetur vero ab qui recusandae qui et. In dolores voluptas assumenda et architecto et.\nNam consequatur voluptatum quod quidem culpa non. Ea sapiente est et aut est ad sed.\nEnim earum facere maxime et. Quidem ab beatae velit porro nobis dolorem repellat.\nVoluptatem omnis voluptas ipsa ea consequatur officia est ullam. Voluptatem veniam quia eligendi amet voluptatem voluptas. Nisi facilis pariatur rerum sed minus voluptatem ut facere. Et iste impedit aspernatur accusantium corrupti ratione.\nQuis sint reiciendis aut placeat. Consequuntur placeat blanditiis quibusdam ut et.\nPerspiciatis minus optio rerum autem. Itaque at dicta qui ea aut eaque molestiae unde. Magnam molestiae nisi et et ea eligendi in.\nVelit fuga recusandae aut explicabo facere. Molestiae incidunt repellat nemo doloremque in fuga sed. Quibusdam maiores sed rerum eligendi est.\nAutem magni numquam officia vero tempora maiores labore. Corporis quas nihil maxime excepturi. Praesentium aspernatur perspiciatis molestiae eaque sit omnis id.\nOccaecati nemo odit molestiae aut. Qui atque odit consectetur totam incidunt reprehenderit eveniet. Nulla vel quasi non quo accusantium voluptatibus occaecati. Quae reiciendis magni consequatur iusto.\nEnim qui quasi nostrum. Et quasi harum repellendus ducimus. Sed cum dolorum rerum optio in voluptatem odio. At in quo adipisci.\nPossimus voluptatibus minus voluptas. Et aspernatur omnis est non. Facilis omnis libero quis consequatur. Voluptatibus consequatur eos suscipit nihil placeat.\nNam consequatur voluptas delectus tenetur vero. Similique sit est necessitatibus sunt pariatur quo omnis. Esse nulla dignissimos impedit minima quisquam.\nDebitis possimus facere sunt ea. Voluptas eius velit est aperiam tempora voluptatibus voluptatem.\nEst adipisci ducimus amet consequatur quod sed quos. Vero eaque voluptas reprehenderit optio sint et. Reprehenderit aut deserunt ea.\nEnim provident in omnis magnam est. Illo aut consectetur velit tempora laborum omnis qui. Possimus sit ea hic quis doloremque.\nConsequatur quasi velit praesentium aspernatur. Omnis distinctio nobis ipsum quod illo. Eum aspernatur dolores fuga modi.\nEst quisquam a voluptates. Commodi ut illum in ipsam ex.\nDolor ea mollitia quo corporis ipsam optio sed enim. Id eum modi qui ducimus enim est perferendis placeat. Atque ratione consequatur nobis odio eveniet praesentium architecto.\nEt vel exercitationem consequatur ratione incidunt cupiditate officiis. Et omnis est est esse. Aut inventore dolores quasi occaecati illum consequatur et.\nSunt eos veritatis inventore ut ex. Inventore ut voluptatem modi ex sint neque. Quia dignissimos et ut dolor omnis assumenda. Officiis autem atque aut consectetur asperiores. Delectus quas ut est doloribus eius quae.', 'm1.jpg', '2021-06-05 17:18:54'),
(102, 74, 'Plata', 100, 0, 40, 'Dolorum cumque rerum est itaque. Voluptatem soluta atque ea reprehenderit. Voluptatem beatae culpa dolor nisi.\nOdio sed quo libero maxime sapiente tenetur. Et nam dolorum ducimus rerum non eos. Libero voluptatem tempore commodi. Molestiae quibusdam eligendi quasi atque ut quia error.\nMagni perspiciatis tempore necessitatibus omnis quam distinctio. Mollitia magnam est sequi. Laborum natus et consectetur est. Quaerat quia dolor voluptatem voluptates facilis magnam.\nQui a assumenda iure sequi qui facere in. Nemo sequi officia sunt rerum. Magni et nulla maxime animi et quia. Ducimus ullam quasi velit nemo. Omnis aut corrupti id consequatur quis autem.\nVoluptatem nihil quae sunt id ducimus corporis sunt. Est corrupti sapiente minus eveniet molestiae voluptatum sequi. Possimus rem voluptas repellat dolores quis. Mollitia sed eos qui quaerat quia omnis.\nMaiores accusantium iure quo et natus omnis. Dignissimos in magni et voluptates velit.\nDolor non autem odio explicabo. Voluptatum quia quia beatae. Vel beatae doloremque doloremque modi quasi doloribus. Sit ratione hic est dolorem at fugit occaecati.\nEst dolores quae est voluptatem nisi nam voluptas. Sint ad autem corporis eos non. In ea animi ullam maiores sapiente quia.\nEst sed doloribus dolorem facere. Perferendis rerum dolores sint eligendi est quia. Itaque quisquam dicta assumenda deserunt eum asperiores ut.\nDolores quod maxime dolores quibusdam laborum. Eum et quia est sunt. Ratione est architecto porro minima rem soluta. Quia officia ipsam ad aut est.\nDolor eos omnis aspernatur eveniet. Quia omnis tenetur porro dolores vitae. Dolorum quod libero recusandae fugiat et accusamus. Cum et consequatur praesentium sint pariatur.\nVoluptates commodi dolores dolor quis. Aut aut rerum et nesciunt et animi. Atque magni enim voluptatem voluptatem ullam nobis deserunt.\nQuos explicabo aperiam id ut omnis provident reiciendis illo. Quo et et praesentium incidunt esse. Qui ut velit corporis veritatis dignissimos consequuntur. Itaque ut distinctio dolor totam laboriosam ut quidem qui.\nAd nihil consequuntur asperiores atque voluptatem rem. Est voluptatem expedita et odit. Consequatur illo reiciendis iure aliquam voluptates ex vel. Quaerat sit sint ut eligendi corporis magnam.\nMolestiae aperiam explicabo aliquid beatae nisi et unde. Sunt deleniti aut sapiente omnis. Optio nulla voluptatem et pariatur itaque. Vel inventore praesentium omnis.\nAccusamus reprehenderit omnis earum qui dicta at. Consequuntur dolorem voluptatibus adipisci tempora occaecati. Assumenda quo et assumenda suscipit rerum distinctio quas. Numquam ut quis aperiam.\nIllo architecto voluptas aspernatur. Deserunt ex dolores at perspiciatis labore voluptatem. Quis aspernatur ab voluptatem.\nArchitecto porro laudantium expedita. Quis est soluta sapiente qui nulla voluptas. Dignissimos reprehenderit esse neque et sequi alias.\nDolores natus quo atque dolorem exercitationem laborum eum. Iste sint praesentium deserunt quo quia enim. Similique quia doloremque sint incidunt ea. Aut maiores accusantium nihil sit nobis necessitatibus blanditiis.\nOmnis nihil quae nemo placeat aut voluptas quo voluptatibus. Saepe qui laboriosam qui molestiae voluptas. Est aut repellat esse consequuntur maiores quaerat aliquid. Et est ea sint et labore.\nMaiores laudantium nulla quia porro enim eum. Id rem quos neque alias. Nihil necessitatibus fugit atque ut blanditiis. Iusto nobis ratione consectetur deleniti.\nEius non minus rerum et ut eaque. Nostrum in commodi iste. Quas vero fuga sit et.\nLaboriosam porro temporibus sit ea. Corporis iusto omnis modi occaecati sequi reprehenderit quia.\nEst voluptates inventore alias. Nobis eos nesciunt est culpa aut.\nVoluptatem qui sed nam ut veritatis maiores autem. Placeat consectetur qui quasi ut magnam at. Et non laborum quibusdam delectus est. In enim sit deserunt et saepe.\nLaborum dolor eum quod sed sint. Officiis id ad deleniti consectetur. Porro commodi dolor quos ut voluptatem repudiandae consequatur qui.\nNemo excepturi placeat at tempore magnam culpa repellat. Eos inventore excepturi voluptatem voluptates necessitatibus beatae error.\nAut est soluta excepturi voluptatibus. Voluptatum itaque ea blanditiis dolor et corporis aut. Unde quia dolores cumque velit qui. Nisi quia sequi et nesciunt.\nQuia non sapiente earum sit similique voluptas sequi. Rerum voluptas aliquam sapiente omnis quod dolore. Quos nam necessitatibus aliquam sed ut debitis inventore. Est laudantium excepturi voluptatem sit voluptatem sunt et nulla.\nCorporis illum illo laboriosam in itaque quasi. Saepe hic quod odio nemo sunt quae eaque. Ipsum qui maiores eos eum. Error non id libero. Voluptatem eum aut et illo.\nQuo et non sunt asperiores eius corrupti ut. Illum voluptatem tempora qui qui qui excepturi eum. Quam rerum numquam qui nisi in non. Cupiditate repudiandae architecto culpa ullam.\nCorporis amet excepturi magnam est corrupti eius sed voluptatem. Consectetur velit ducimus dolorum magni.\nVitae corrupti quia maxime cumque aut omnis. Consequatur eum rerum dolor distinctio voluptatem et. Iusto autem doloribus quas repellendus numquam quis est. Ipsum necessitatibus qui aut aliquam.\nEx distinctio culpa rerum. Dolorum qui et accusamus veniam eaque excepturi qui.\nSit optio odit culpa ut id aut. Recusandae est eveniet pariatur non quis corporis hic. Quisquam soluta minus ut suscipit facilis omnis error ex.\nMollitia dolorum ipsum molestias quo. Molestiae aliquid velit consectetur hic porro perspiciatis ut molestias. Et eum nulla modi facilis. Reiciendis id ex excepturi.\nExcepturi itaque eum nobis ut. Aut rerum nulla natus sint rerum eaque. Facilis sequi et labore maxime sapiente nostrum. Consequatur nisi doloremque at sit magni.\nQuo quaerat soluta perspiciatis nobis eum. Cumque aliquid facere sint iste accusamus accusantium. Corporis illum quia sit et. Ad consectetur pariatur nisi.', 'm2.jpg', '2021-06-05 17:18:54'),
(103, 74, 'Mango', 100, 1, 50, 'Qui rerum unde ipsam sunt assumenda iusto. Itaque sint ut ab fuga voluptatem officia possimus praesentium. Alias occaecati ut eos fugit sed. Voluptas impedit omnis quia et quibusdam nostrum.\nAperiam cumque reiciendis aliquam maiores ullam tenetur. Voluptatem soluta molestiae perspiciatis quas dolores quia soluta. Culpa consequatur iure recusandae debitis.\nQuae occaecati rerum unde natus. Alias eos delectus nostrum et et unde. Velit et quia alias. Magni doloremque vel consequatur corporis.\nNobis deleniti numquam sit itaque inventore. Cupiditate vero officia fugit dignissimos quisquam. Voluptatem amet debitis quidem voluptatem error est.\nPossimus ea aut similique dolores unde natus. Illo aut odio quis repellendus sunt voluptatem. Iure cupiditate est corporis incidunt. Occaecati qui sint earum neque dolorem quibusdam ab.\nEt quia aliquam sunt odit voluptatibus. Eligendi quia perferendis nihil voluptatibus vel qui vel hic. Non et qui non. Dignissimos in tenetur praesentium voluptas fugiat debitis minima.\nAnimi recusandae fuga dolores sint repellendus voluptatem. Dolor aliquid ex vitae quia commodi laborum excepturi. Earum culpa molestias et et molestiae nemo. Fuga distinctio excepturi voluptatem quia dolor dolorem et.\nFugiat voluptatem nam illum est commodi exercitationem. Itaque repellendus est aliquid quae magni aperiam. Consequatur accusantium voluptates cumque est autem. Eos recusandae qui et iusto qui.\nQuod aperiam voluptates aspernatur quia consequatur quia facere. Culpa architecto repellendus voluptatem aut. Deserunt aspernatur voluptatum reiciendis aut labore.\nUt necessitatibus quaerat asperiores maxime minima earum aut eum. Ut ut quia perspiciatis quia voluptatibus sed. Explicabo occaecati doloremque consequuntur animi labore possimus. Omnis rerum ut fuga pariatur quia.\nId necessitatibus quas itaque dolorem deleniti libero accusantium. Corrupti aut aut ea officiis in deserunt. Qui voluptatem dolor ut possimus.\nOmnis autem et nostrum inventore. Pariatur sed eveniet et incidunt. Expedita quidem doloribus facere odit aliquid eum.\nIste facilis et reiciendis eos unde eum. Quod aut eligendi esse repellendus. Quia explicabo et similique qui. Nam sunt consequatur recusandae mollitia ut aliquid dolores.\nConsequatur ullam voluptatem doloremque dolores eius sunt exercitationem ullam. Nam in quia et consequatur. Odio ipsam aspernatur ad dolor. Ab autem dolores est dolorum non.\nDolor earum nihil excepturi quasi. Hic quia non minima sint optio neque dolor. Est culpa recusandae culpa.\nEt fuga quod corrupti voluptatem. Labore eligendi eveniet provident rerum reprehenderit labore. Est ullam culpa sapiente fugiat rerum pariatur quae.\nEa laborum perspiciatis cupiditate quisquam optio voluptatem impedit natus. Culpa qui atque sint non exercitationem. Esse tempora facilis est odit.\nIure optio blanditiis corporis quis ratione. Id perferendis ducimus cumque. Voluptatem minima consequatur sequi quia ex. Quae pariatur deserunt officia asperiores nam deserunt quo.\nEst sequi qui tempore commodi. Et est impedit enim error.\nVoluptas voluptates in quod et. Dicta inventore est placeat dolore est. Quis quaerat officia odit eaque quia aut distinctio. Dolorem a enim provident et qui ut.\nEarum id expedita aliquid minus dolores odit ipsum. Accusamus delectus ad debitis autem esse. Nisi ullam eius sed nemo eligendi quod. Dolor maxime et vel non possimus reiciendis delectus.\nCorrupti provident adipisci quos cumque doloremque neque omnis blanditiis. Quod dolor nemo voluptatum cumque ab voluptas.\nNeque aut eos nam placeat. Laboriosam non voluptatibus perspiciatis tempore reiciendis autem. Ea praesentium et et dolor in id. Ex fugit voluptates officiis earum a odit.\nRem et omnis quos quia. Et deserunt delectus eius laborum. Sit sit ipsum et et.\nOccaecati facilis numquam optio non voluptatibus alias qui. Vel excepturi animi voluptatem debitis.\nTempora minus commodi sunt aliquid asperiores. Nostrum ad quis et et dicta iusto. Quia enim incidunt quis nemo. Iusto minus nulla et aut libero est doloremque.\nUt sequi et dolores officiis nihil. Praesentium nemo rerum labore accusamus at. Sint in fugit aspernatur. A et hic vel aspernatur ut autem at.\nSapiente est dicta autem molestias sit. Qui dolores voluptatem voluptatum. Neque nemo animi ut cupiditate et.\nAlias et quibusdam maiores est. Sunt quo dolores recusandae reprehenderit quia sed excepturi exercitationem. Cumque eligendi ipsa aut maxime quae itaque laborum.\nUnde facilis animi enim eligendi eum. Fuga ut dolorum et in magnam cupiditate. Sunt debitis quasi odio maxime pariatur. Impedit dolores totam sint sed et.\nItaque aut animi nihil praesentium rerum. Unde consectetur vero perferendis voluptatem ut accusantium. Doloremque autem ipsum ea atque aut.\nAnimi deserunt aperiam ullam. Aut dolorem rerum et expedita in assumenda sunt. Numquam in facilis est alias. Enim est nihil occaecati autem nihil commodi commodi et.\nOmnis sapiente aut quis voluptate quis repellendus sint perspiciatis. Minus explicabo suscipit consequatur accusantium vero est. Quisquam sint animi ut sunt illum. Quisquam tenetur ipsam similique reiciendis sapiente fugit. Sed et ut sunt nobis dolore laboriosam.\nSoluta nesciunt occaecati quaerat sed natus ab ipsa. Dolores nesciunt reprehenderit dolor esse est in libero. Ullam rem laudantium eos molestias est voluptatem enim.\nAliquam iusto vitae odit doloremque. Inventore vel ipsum molestiae in et nobis. Deserunt est est voluptate. Dolorem pariatur aut suscipit odio ex. Dolorem tenetur iure dolorum aut officiis et tempore.\nQui vel eligendi fugiat. Ut ipsa facere et suscipit. Sed assumenda ex voluptatem quia.\nFacere neque illo blanditiis laborum sequi praesentium perspiciatis velit. Sed provident quod est accusantium. Consequatur omnis blanditiis molestiae. Possimus alias eum magnam voluptatem alias ut.', 'm3.jpg', '2021-06-05 17:18:54'),
(104, 99, 'Coca', 100, 12, 60, 'Totam occaecati itaque impedit necessitatibus. Quibusdam temporibus eaque alias eum voluptatem. Voluptatem perspiciatis reiciendis reiciendis sed quisquam. Aperiam expedita similique et explicabo.\nEaque officiis totam et qui recusandae harum molestiae. Doloremque sequi et et excepturi animi.\nSaepe repellendus dolores earum voluptas. Fugit eaque labore rerum cum.\nQuia rerum ratione dolore ut aut ut. Explicabo doloremque odit aut vel. Mollitia unde natus aut architecto sit. Est error voluptas enim qui sit commodi quidem. Voluptas error voluptas modi eos quia.\nSaepe alias expedita harum ut voluptatem asperiores. Voluptatem aut quod sequi quae. Esse eveniet dolorum nihil velit consequatur veritatis. Debitis assumenda ullam quo qui aut.\nAt rerum in ex quos commodi. Rem aliquam et recusandae et. Consectetur laudantium quidem consequuntur rerum labore et. Maxime sapiente voluptatem animi doloremque nobis quisquam qui.\nDolorem est architecto reiciendis. Velit repudiandae omnis sint dolores ex fugit. Hic modi ad et rerum veniam. Magnam iste necessitatibus sit quis aliquid.\nMinima enim voluptas officiis magni itaque pariatur praesentium. Vel libero sequi sint ut. Vitae officiis dolorum corrupti aspernatur quae.\nQui qui et optio est nobis officiis. Earum vel eveniet omnis tempora vel molestiae. Ut aut illum non ipsam dolor exercitationem reiciendis.\nEx omnis mollitia asperiores libero non. Eius enim ut fugiat soluta.\nSunt earum nisi ab temporibus dolorem. Quaerat facere debitis sed voluptas in labore. Eos vero placeat iure illo nam. Quo natus nam alias.\nIpsum qui aliquam deserunt totam eum temporibus nisi. Veniam est dignissimos iusto exercitationem. Quam repellat expedita possimus dolore est non commodi. Officia dolorem aut quisquam aut tenetur et.\nVoluptatum amet non ex sed. Unde vel unde odit dignissimos. Cumque at sapiente qui sed sit earum atque voluptates. Necessitatibus aliquid aliquam aliquid atque ut nihil. Adipisci architecto error repellat iste velit.\nOdio aut optio corporis omnis. Quo deserunt nostrum laborum voluptatem doloremque ea. Ut nihil animi dolore. Possimus placeat tenetur omnis iusto illo.\nRepudiandae provident illo laboriosam pariatur consequuntur deleniti et. Vero necessitatibus possimus similique dolores.\nEnim aut eos blanditiis mollitia pariatur qui maxime. Non similique consequatur quis aperiam quisquam occaecati. Eaque reiciendis ipsam dolorum quibusdam commodi accusamus. Velit numquam aut molestiae nemo corporis animi debitis.\nAut in excepturi itaque et. Est error nam quod eos magni. Et quisquam accusantium assumenda ipsam. Reprehenderit vero porro in.\nOfficia eveniet autem est cupiditate at earum odio. Maxime tenetur quia eos aut architecto. Dicta sed et dolorem quidem.\nArchitecto incidunt veritatis maxime corporis incidunt sed. Sit rerum voluptatibus voluptate adipisci et. Dolore pariatur est repellendus.\nIn iure quia eligendi totam nisi sit. Culpa voluptates nulla id rerum dignissimos sapiente id. Rerum hic odit a cupiditate. At mollitia necessitatibus consequatur eveniet quia iste.\nMagni quia placeat officia nihil. Beatae ad et accusamus corrupti aliquid. Molestiae ad sint itaque.\nOfficia nihil quis eum et fuga iusto architecto. Soluta similique id sunt rerum eos quibusdam. Ab ut id quo harum harum quia.\nInventore repudiandae id impedit pariatur reprehenderit distinctio voluptates. Et culpa possimus rerum provident. Rerum blanditiis ad suscipit eius praesentium a minus. Dolorem ex accusamus expedita.\nNon explicabo et asperiores officiis doloribus cupiditate qui facilis. Sit deserunt enim blanditiis esse et laudantium. Dolorem aut aut necessitatibus ipsam ut.\nAnimi ratione maiores error incidunt eos ex. Non corporis dolores blanditiis nesciunt quia beatae. Sit nobis repellendus necessitatibus quidem.\nQuod et asperiores pariatur deleniti dolorum occaecati. Laudantium architecto explicabo maxime quo maxime dolore. Nemo ut quam amet quia necessitatibus cum. Velit dignissimos dolores nemo voluptatem numquam sunt magnam.\nDolores sed est qui ea accusamus. Voluptatem qui quod aliquid. Eos officiis explicabo optio. Pariatur impedit impedit facilis in expedita et. Illo repellendus repellendus sit voluptates odio ut et.\nAccusamus quisquam aut et est quibusdam. Vero voluptatibus reiciendis consequatur ut libero deserunt. Aut eligendi soluta eligendi est. Voluptas aut aut quidem autem asperiores fuga quibusdam.\nRepudiandae quasi dicta dolore ut earum. Dolorem omnis sint qui tenetur et quis itaque. Dolores et harum delectus aut.\nFacilis et consectetur asperiores sit autem. Atque blanditiis dignissimos ut libero voluptate id. Rerum consequatur debitis aut. Alias autem est voluptatem quia sunt qui.\nVelit ex necessitatibus sunt ut ratione. Dignissimos dolores et aut molestiae suscipit temporibus similique. Sunt et et id iure ex ut.\nUt tenetur libero ab et eius quia similique eos. Provident neque optio qui aut. Est velit voluptatem quas omnis eius fugiat ut.\nPlaceat corporis praesentium occaecati nihil et. Iste nostrum corrupti enim eos. Distinctio beatae qui qui.\nAut aperiam consequatur consequatur est quae est reiciendis. Iure autem ipsa et iste enim cupiditate. Distinctio omnis nostrum magnam voluptas.\nEst qui omnis dolor qui eum officiis. Voluptatum est numquam aliquam perferendis sit. Aut ex quaerat sunt in hic optio provident saepe.\nVel nobis sit suscipit sunt ratione natus et. Necessitatibus non tempora rerum atque voluptates. Non quaerat corporis nobis dolore aut omnis sint. Incidunt quidem perferendis ullam et quis.\nEst blanditiis laborum quo velit omnis. Voluptatem atque debitis aut est. Maiores omnis vitae in modi.\nNobis magni commodi nihil similique magnam. Officia quibusdam dignissimos eveniet rerum dolores. Voluptas qui voluptas cupiditate ipsam. Voluptas dolores dicta voluptas consequatur. Modi quis et beatae numquam est quas est.', 'm4.jpg', '2021-06-05 17:18:54'),
(105, 93, 'Armand', 100, 11, 70, 'Et fugiat veniam sapiente nemo eaque. Voluptatem dolor minus omnis et facere rem quo itaque. Modi quia quos voluptatibus dolorum. Fugiat asperiores ea dolorum voluptas.\nNatus doloribus voluptates atque dolor aut accusantium. Molestiae dolorem qui eligendi vitae. In dolores dolor ratione quam est.\nNecessitatibus officia excepturi dolorem ipsum culpa dolore. Asperiores reiciendis vel qui blanditiis laudantium temporibus.\nNatus sit minus velit. Impedit vitae molestias tenetur ex qui ab reprehenderit. Quo cupiditate nisi itaque et incidunt culpa voluptas architecto.\nVoluptatem impedit qui qui quia non voluptatum voluptatem facere. Praesentium hic sunt debitis similique perferendis corporis id. Magni consequuntur eos inventore doloremque similique.\nRepellat nesciunt aut dolor et. Possimus blanditiis eligendi rerum consequuntur molestiae qui minus. Et laborum sed ut.\nSit mollitia ut praesentium eum neque perspiciatis. Nam dolore cumque voluptatem at. Accusantium nihil ea sit ut quisquam ut et.\nMaiores deserunt animi sed et suscipit cupiditate nisi et. Error repellendus id accusamus error eum sit. Sit distinctio non soluta blanditiis nostrum non. Itaque repellat nihil voluptas voluptatem nobis nemo.\nEos esse eius aut aut. Aut harum perspiciatis fugiat nostrum. Voluptates qui molestias et qui consectetur facilis. Est dignissimos sit accusamus architecto fugiat rerum.\nInventore tempora et dolorem voluptate ut. Est autem corrupti eum esse quisquam nobis. Rerum eaque omnis repellat quisquam iusto consequuntur. Dolore quod ut odio veritatis.\nSint numquam exercitationem placeat. Praesentium et facilis assumenda. Dolores ab ab saepe velit totam assumenda ducimus sint.\nEx autem asperiores debitis quis. Et necessitatibus adipisci unde. Optio ut molestiae voluptas dolores. Provident expedita ex ipsa voluptas voluptates exercitationem.\nMaiores sed maiores et mollitia id sed nobis est. Vel ab maiores sed sunt non sunt necessitatibus fuga. In iure maxime dolore repellat.\nId blanditiis aut nesciunt. Enim sit nobis asperiores cupiditate. Nesciunt voluptas deserunt veniam id dolor laudantium. Sed quod totam cum tempore repudiandae eos qui.\nQuidem rerum est nostrum et cumque quam et autem. Voluptatem eum perspiciatis error qui veritatis. Cumque est sint nam a delectus sequi aut. Voluptatum fuga incidunt impedit dicta deserunt sed atque.\nQuia aut rerum soluta voluptatem voluptatem. Quis possimus eveniet ut illo impedit. Quidem libero enim autem odio assumenda consequuntur.\nNon dolorem aliquam beatae facilis quis perspiciatis. In voluptas eaque dolorum. Fugiat laudantium et asperiores eos. Ad deleniti rerum et aut corrupti voluptatem.\nNatus velit id quae dolores voluptatibus nobis. Voluptates fuga esse voluptatem non. Sed voluptate asperiores temporibus similique odit ab. Est fugit voluptatem tenetur possimus praesentium sint.\nSint assumenda et id. Voluptatum nulla dolore quibusdam eius. Nesciunt et eveniet magnam harum dolorem laborum omnis itaque.\nEaque architecto harum aliquam quae ipsam natus. Veniam molestias est velit et et. Ex vero qui laborum quo.\nQuia magni nihil amet sunt sint. Nesciunt dignissimos et alias cumque esse sed enim. Quod explicabo aut perferendis. Nesciunt eum nisi consequatur natus alias enim.\nMolestiae architecto voluptas iusto vel explicabo voluptatem. Ipsam consequuntur ut perspiciatis. Cupiditate omnis ullam voluptas fugiat illum ullam facere.\nAccusamus non culpa sunt eveniet. Quia sed non tempore consequatur vel qui ex. Vitae esse placeat quidem commodi molestias veritatis.\nConsequuntur sed est dolore est suscipit maiores. At ut error rerum. Ut harum distinctio enim officiis autem. Ipsam quia aliquid aliquam sit.\nQuia sed deleniti minus corporis quis illo autem. Est sed occaecati voluptatibus et voluptatem consectetur.\nDeleniti voluptatem sit quod occaecati perferendis recusandae. Iusto consequatur eius sint magni omnis voluptatem aut rerum. Expedita est voluptate id suscipit molestiae sed perferendis. Iste enim aut omnis voluptate fuga.\nEt vero et consequuntur eum et. Quisquam porro dolore dolore ut ea blanditiis. Iure aut enim et sit.\nVel consequuntur pariatur et hic dolores animi aliquam. Non delectus qui sapiente vel repellendus aut provident. Nostrum culpa soluta modi sit autem alias ipsa.\nMaxime est voluptas molestiae. Porro corporis ad nobis sed non dicta quidem. Sunt magnam possimus earum incidunt laudantium porro vel. Velit autem numquam porro sit id occaecati nostrum ex.\nFugit dolores nostrum magnam dolore ex eos. Vel cumque commodi consectetur minus delectus. Perferendis ut ad qui exercitationem numquam.\nNon aliquid ut magnam nisi. Veniam quam et facilis rerum commodi. Odio quibusdam quas minima.\nError ex necessitatibus enim nemo doloremque vero. Nulla aliquam doloremque voluptatem et. Qui libero omnis eligendi inventore atque ullam. Corrupti et praesentium molestiae qui quo voluptatem eveniet.\nNon consequatur qui quisquam doloribus sed ut. Enim deserunt minus nesciunt illo maiores reiciendis iste. Similique soluta praesentium nostrum exercitationem.\nIncidunt doloremque ipsum quaerat id fugiat odio praesentium. Est aut et sit enim officia nulla. Unde facere iusto commodi quia et ducimus repellendus.\nVel similique eos delectus ut dolorem est dolores. Tenetur minus sed officia hic cupiditate omnis. Aspernatur tempore nulla omnis omnis assumenda. Commodi qui aliquid voluptates.\nInventore et perferendis maiores ipsam repellendus. Eos voluptates non architecto porro. In pariatur esse est natus asperiores ducimus. Ut perferendis ut ut.\nQui aspernatur cum maiores dolore dolores atque. Suscipit sint qui ipsa facere tenetur esse molestiae sit. Possimus minus rem et asperiores quos amet cumque. Facilis at ut iure magni repellendus sed qui.\nOmnis et voluptatibus et provident tempora natus ex. Et voluptatum corporis et praesentium vero eum. Ipsum optio debitis ducimus tenetur voluptatem.', 'm5.jpg', '2021-06-05 17:18:54'),
(106, 56, 'Ouriel', 100, 9, 80, 'Eos iste temporibus error porro nesciunt. Dolor sed voluptas sit quod et vitae aut. Ea maiores numquam fugiat voluptatem. Est error magnam voluptates et.\nPerspiciatis fugiat quo qui et magni vel dolorum. Odio optio qui non repellendus quasi impedit aut.\nQuis ut dolor quia et dolorem. Molestiae sint dolor et voluptatibus minus facilis. Quia enim ex occaecati natus.\nDolor est voluptatem tempore. Itaque aliquam et voluptates nulla. Libero dignissimos in molestiae amet eum nihil.\nTempora illum nihil eos voluptate. Sunt voluptatibus fuga molestiae odit qui quidem. Expedita officia et rerum rem vel et aut et.\nIusto quidem odio qui nihil corporis nihil quod. Ut et voluptatem numquam odit fugit. Expedita hic aspernatur minus.\nDolor quae vel sunt ratione recusandae. Magni libero rerum totam aut magni corporis. Illum minus soluta perferendis nisi maxime rem repellat. Omnis eius earum tenetur magni eos occaecati alias aut.\nNihil quia ab non doloremque aut odio. Ipsam minus et modi mollitia. Praesentium perferendis magnam architecto quam cumque qui impedit.\nVel dolores cum in officiis. Id beatae quisquam in molestias.\nEos consectetur dolorem hic non. Voluptate aut placeat aut repudiandae. Quas est assumenda natus et officia incidunt neque qui. Iure consequatur sit ipsum quisquam enim incidunt.\nNesciunt et saepe qui. In tempore consectetur tempora eos. Sunt rerum distinctio corrupti rem.\nConsequatur velit magni vitae dicta velit repudiandae. Architecto tenetur quos exercitationem in. Sed non neque illo ad quia corporis molestiae. Sunt enim quaerat iste autem ipsum. Id laborum deserunt eius eveniet at rerum.\nSapiente fugiat temporibus modi quam blanditiis aut. Sint eligendi voluptas temporibus eveniet consequatur alias.\nAliquid ad veritatis eos sed pariatur animi et. Est et placeat architecto quam. Consequatur similique ab similique possimus praesentium vel. Illum tenetur dolor molestiae expedita rerum vero.\nMaxime earum aliquam eligendi. Nemo non eos ut. Consequuntur unde adipisci ut aut recusandae.\nDoloremque eveniet praesentium a provident omnis. Omnis sapiente aperiam ut libero ullam esse. Ut vitae officia odio. Est fugit corporis ea eos debitis non voluptatibus.\nFugit illum doloribus ut nesciunt odit. Fuga numquam et sed possimus. Doloremque qui eaque suscipit. Deserunt ut delectus beatae aliquid laboriosam praesentium.\nAccusamus veniam provident voluptatem magnam. Sunt veniam earum qui sapiente fugiat consequatur deleniti dolorum.\nIpsum veniam omnis voluptatem aliquid. Et expedita aut omnis qui. Nesciunt consequatur unde quas et. Quo sunt sed odit ipsum error veniam qui aperiam.\nItaque aut voluptas sint sequi est. Eligendi alias sunt rem magni voluptatem eos aspernatur. Enim commodi odit reiciendis eveniet.\nConsequatur eius veritatis asperiores dolorum qui. Quo minus doloribus aliquam.\nQui animi rerum deleniti ab deserunt dolore. Doloremque eius ipsum et fugit incidunt harum corrupti. Nemo quam non odio nam sapiente cupiditate.\nRatione libero perferendis illo et. Sunt pariatur fugit omnis atque ut. Qui similique doloremque qui ut error quam.\nMolestias aut cupiditate voluptatem sunt. Sequi dolorem in excepturi facere asperiores in non.\nAutem dolor at ipsam aut beatae maiores alias natus. Accusamus ut officia omnis ea nihil enim. Vitae omnis quod consequatur ipsam accusantium.\nMaiores similique incidunt saepe excepturi vero non quidem earum. Qui voluptatum repudiandae non hic. Sint soluta voluptates omnis dolor fuga ipsa sed.\nQui sint voluptatem non ut culpa. Quaerat consequatur enim id. Itaque distinctio voluptate accusamus error corporis necessitatibus.\nEos quia nulla molestiae magnam. Dolor omnis est ad fugiat pariatur. Optio ut aspernatur praesentium itaque ea et. Aliquid similique corrupti deserunt qui est qui.\nNon aliquid corrupti distinctio nisi velit illum adipisci sit. Vel et ut debitis sed animi sint ab. Animi repellendus facere dolor iste et est quos. Veritatis dolorum nostrum assumenda expedita.\nExplicabo eum magnam et facilis inventore reprehenderit provident. Hic quia et commodi cum amet quo. Amet illo sed consequatur rerum cumque provident.\nNobis ea aliquam saepe adipisci dignissimos numquam. Sapiente asperiores qui temporibus ea totam corporis minima cumque. Quos voluptatem quia et voluptas fugiat et.\nIure dolores quaerat sunt sapiente quod aut sit. Accusantium rem ut eligendi itaque quia sed. Reprehenderit aut omnis libero aut dolores voluptatem voluptatem. Eos aut fuga sunt aut.\nProvident est eius labore saepe tempore incidunt qui beatae. Sit autem ut est explicabo. Illo odio odit inventore maiores. Et minima itaque magnam rerum possimus. Qui esse accusantium qui doloremque est.\nCum omnis qui labore iste. Est ipsum laudantium quos consequatur et.\nTempora architecto odio aut minus et totam beatae. Sint omnis debitis consequatur aliquid vel. Sit nisi eos et mollitia nobis. Cum expedita veniam rerum unde totam esse ut.\nOdio nobis ipsum enim officia. Molestiae voluptatem laudantium maxime voluptatum officiis sequi.\nQuo ullam cumque voluptatem quis aliquam perspiciatis et quia. Doloribus in molestiae est voluptatem sit eveniet et magnam. Ab rem officia quo.\nQuaerat ex sit aut neque. Omnis ut debitis provident eos cum est possimus. Nostrum amet fuga iure eos magnam. Ipsa veniam ad numquam optio saepe sint. Quis corrupti laudantium est dolorum autem nihil nihil et.\nArchitecto repudiandae modi magnam voluptates quia nesciunt. Laboriosam est unde tempora adipisci quia autem quisquam. Non voluptatibus reiciendis corrupti.\nQuas est est fugit dolores et quae aut occaecati. Molestiae neque aliquam qui consequatur inventore. Et minus molestiae possimus ipsum iste. Temporibus rem at ut earum.\nAt reiciendis repellat recusandae sit ipsam repellendus. Iusto sed veniam labore pariatur atque sunt quod. Laudantium est optio ipsam tenetur architecto. Omnis sit consectetur voluptas natus cupiditate doloribus et delectus.', 'm6.jpg', '2021-06-05 17:18:54'),
(107, 82, 'Nab', 100, 6, 550, 'Molestiae nulla ullam dolor beatae consequatur aut. Sequi consequatur voluptatem provident fugiat optio occaecati nisi. Sit aperiam iusto dolorum ducimus reiciendis quaerat. Nulla possimus necessitatibus voluptates nihil nostrum velit voluptatem. Nobis sequi facilis dolorem qui voluptas commodi totam.\nAut tenetur saepe unde cupiditate eos. Voluptatem ullam veritatis repudiandae aut. Sed nobis quibusdam est harum aperiam repudiandae.\nSunt dolor reiciendis quia beatae omnis. Molestiae quam ut et esse facilis et aliquid. Earum itaque quod enim est ullam quaerat corrupti voluptatum. Assumenda ut pariatur mollitia deleniti. Ut debitis optio provident corporis sed velit.\nQuidem qui illum debitis voluptatem fuga. Quod ea non sint. Omnis distinctio dolorem voluptate voluptatem sunt quae.\nOdio facere omnis illo eum est voluptatem. Nam ut sed libero consequatur sequi maiores. Ab ut dolore quasi velit modi a incidunt.\nMolestiae et eum vitae pariatur. Eveniet quo nihil hic qui repellendus veniam eligendi rerum. Quos ut ullam animi. Aliquam enim id veniam illo.\nOdio nobis ut dolor quaerat tempora. Impedit amet ullam eligendi tempore corporis et ipsum aliquam. Aliquam aut architecto quam molestiae.\nEt dolores dolorem similique saepe architecto quidem. Nam commodi accusantium iste placeat aut id modi aut.\nCorrupti qui beatae alias nostrum animi. Quasi tenetur soluta qui. Atque sed possimus error inventore error sed ex. Consequatur hic eos perferendis veniam ipsam facilis.\nNostrum in qui voluptatibus expedita quasi. Omnis eos deleniti natus quam. Fugiat quibusdam adipisci voluptatum architecto qui consequatur. Harum corporis perspiciatis ex ut alias sed sit.\nEius repellat et qui error tenetur. Qui perferendis quod asperiores harum neque. Praesentium mollitia velit voluptas culpa iusto. Impedit consectetur est ipsam rerum.\nOfficiis ut accusantium aut delectus quod perspiciatis. Et ducimus ipsum explicabo amet qui. Repellat iste ut qui distinctio. Porro unde corporis voluptatem quos. Tempora explicabo cum ut consequatur quia rerum voluptas.\nIpsum tenetur ad et quaerat quia debitis. Aut in enim et accusamus. Labore ipsum voluptas quidem nam nam molestiae.\nFacilis dolor et facilis rem magnam. Veniam amet eaque nihil et dolorum et assumenda.\nQui quibusdam accusantium earum consequuntur sapiente nihil nulla. Illo nam soluta distinctio perferendis velit. Quibusdam voluptatem iure velit est numquam.\nUt blanditiis est illo quo. Officiis quia fugiat alias aliquid quam maxime. Similique odit at at.\nFugit enim sequi iste dolore. Sint voluptatem eaque qui quis dolorem pariatur. Aspernatur vero error corporis recusandae. Maxime neque iure voluptas sed et adipisci sunt. Maxime in at nihil voluptas ea est nihil.\nPorro porro reprehenderit exercitationem et aut dicta nam. Sunt fugit consequatur et sed. Corporis numquam dolorem saepe quidem non aut praesentium. Quos unde cumque dignissimos vel voluptate eveniet dignissimos.\nAdipisci deserunt est recusandae. Dignissimos ut eum sit quam cumque dolor.\nQui dicta magnam autem minus. Ipsum rem laudantium tempora sequi ipsum.\nAnimi fugit quos quo facere dolorum qui ea. Cumque et ex enim fugit harum error voluptas. Sed fuga ducimus illum ipsum ab reiciendis.\nEveniet consequatur doloribus ipsam cupiditate nostrum possimus. Quis id repellat error qui sapiente aperiam. Sed inventore voluptas omnis optio laborum. Dolores beatae excepturi qui ex vel ea id. Vel rerum ullam aperiam tempore eius iste doloribus tempora.\nCumque odit et blanditiis qui accusamus. Recusandae eos eius atque voluptatum eum consectetur. At porro sunt voluptas sint sint quis nam.\nRepellat voluptas voluptas blanditiis quia doloremque ab ipsa saepe. Ea doloribus aliquam illum. Ut omnis nobis ut eum et doloribus. Enim facere voluptatem et in debitis et molestiae assumenda.\nNon error quisquam veritatis autem possimus sapiente. Quis eligendi eum laborum enim magni facilis. Perspiciatis itaque eius minima dolores occaecati. Omnis quia officiis suscipit sint consectetur.\nIste itaque fugit pariatur ea rerum est. Quibusdam nemo impedit tempore. Suscipit qui ipsa provident omnis quia maiores. Delectus voluptatem error repudiandae quam.\nSimilique culpa deleniti magnam quis aspernatur. Deserunt voluptatem facere accusamus error in. Ea atque dolor fugiat consequatur ut.\nQuod fugiat fuga atque repellat voluptas rerum laudantium. Voluptatum quidem ad velit facere reprehenderit cupiditate. Dolore eius dolor maxime iste voluptas voluptatibus. Sed explicabo nam voluptates cumque iste nihil.\nSit quod et hic quaerat sit enim. Explicabo nulla ea possimus ullam tempora cumque. Non consequatur eligendi ullam eos omnis non.\nIure quibusdam magni perspiciatis amet sunt consequatur. Suscipit nobis culpa quod quia.\nCorporis velit iste adipisci tempora iusto. Dolor odit voluptas itaque beatae. Odio dolores ea in corporis sed. Veniam omnis voluptas sit et molestiae.\nAccusamus ipsam accusantium quia eos. Similique ad cum itaque pariatur aut. Est porro dolorem ea hic.\nSunt maxime quas sed ut expedita reprehenderit voluptate. Tempore et dolor mollitia officiis eos impedit.\nIste ex optio sequi aspernatur. Et dolor consectetur expedita eum accusamus maiores possimus. Esse aut dolore vitae corporis est non velit. Molestiae nam at eum aperiam.\nEos dolores quia eaque soluta. Est enim porro consequuntur culpa error doloribus consequuntur.\nNon non ducimus nemo aut molestiae. Sequi expedita aut maxime nostrum architecto sunt. Nulla est voluptatem ducimus officia qui doloribus.\nQuia velit commodi ut deserunt. Qui ea laudantium et ut.\nProvident natus eos cum doloremque quos non. Distinctio dolore aut illo cum dolores est laborum. Sequi qui perferendis ea.\nQuisquam est explicabo dolores officia dolor et quia. Id dolor temporibus aut a ad. Quo sapiente eos cumque sed qui exercitationem qui.\nUt qui eaque sed qui. Tempora sed reiciendis velit eos. Qui alias exercitationem quas itaque inventore.', 'm7.jpg', '2021-06-05 17:18:54'),
(108, 63, 'Rolex', 100, 5, 200, 'Porro illum quidem voluptatibus dolore aut. Consequatur voluptatem sequi temporibus in dolore fugiat rerum. Ex error mollitia quod cupiditate iure quas. Suscipit eligendi eos quia.\nEst quam velit dolorem et sint est numquam fugiat. At enim voluptates cumque aut natus illo quibusdam. Rerum eaque ut quod. Corrupti dignissimos rerum non deserunt voluptas.\nEt optio dolores corporis impedit nam. Consectetur repudiandae dolor fugiat corrupti. Ut eveniet sequi quo et quo corrupti.\nQuia cumque earum soluta molestias officia ut rerum. Et ad eligendi quae. Sequi iusto est et ut quaerat. Distinctio architecto eveniet ea corrupti.\nFugiat excepturi impedit et ullam molestiae error dolor. Eius iste nulla aliquid at id. Et eius aut hic. Autem blanditiis eum in numquam rerum saepe.\nQuia repudiandae ab quis ut. Quo optio error odit magnam sed id qui est. Est tempora repudiandae quis libero autem consequatur veniam.\nVeritatis consequatur ut et. Recusandae rerum facere est iusto non. Sequi id facere doloribus. In placeat itaque nam dolorem est animi.\nTempora qui ad sint sed illo sed. Quisquam officia sit impedit qui. Quia cum quaerat expedita harum voluptas nihil nam labore.\nFugit vel ut qui facilis quis. Unde voluptatem blanditiis quos quia eos ut. Explicabo ad ratione sed quia incidunt saepe facere.\nDebitis qui veniam saepe non illum. Repudiandae inventore dicta tempore aut at. Qui placeat fugiat est vitae soluta tempora ut.\nQuae quaerat commodi doloremque quis cum. Similique ea exercitationem voluptatem possimus ut. Nulla est delectus maiores sint placeat a. Eum consequatur pariatur quia consequatur.\nQuisquam aspernatur non nam consequatur officia neque ullam. Inventore et est quia. Aut omnis similique ut saepe debitis maxime. Eos voluptatem dolor velit voluptatem aperiam et est. Placeat asperiores qui minima ipsam fuga minima corrupti.\nRerum qui quas debitis et cum. Aliquid est praesentium voluptates est incidunt. Quam aut aut quis corrupti harum et. Ex eos eaque numquam necessitatibus.\nAccusantium quis fuga accusamus qui. Molestiae consequatur et fugiat et cupiditate incidunt at aut. Minus in ab laborum officia ipsum illo est.\nSunt nam odio quo delectus neque magnam. Voluptates voluptas praesentium aut voluptas. Alias doloribus incidunt illo est.\nOfficiis reprehenderit enim sed sunt dicta nihil ipsum impedit. Distinctio id neque nam qui qui nihil ut omnis. Magni beatae ut ipsam rerum nam nobis. Dolores mollitia repellendus omnis explicabo non qui.\nRerum id sunt quisquam facere. Quis doloremque cum placeat laborum. Ad doloribus eum eum voluptatum.\nNeque cupiditate cum est facilis autem similique et. Ea officia aut delectus qui voluptas ipsa consequatur. Cumque aliquid impedit nihil dolor id ab quia.\nEt itaque culpa porro sit consectetur. Pariatur doloremque repellendus id quo rerum. Doloribus eos repellendus tempora ducimus.\nUt non sunt qui corrupti eum illo. Vel repellat vitae quisquam eum est nam. Sed ea voluptatem eveniet. Ullam maxime quia ut provident eos.\nArchitecto minus dolorem et non. Nihil sit qui illo. Officia a qui quibusdam.\nRepudiandae atque quo culpa sed. Aperiam rem expedita illo atque aut aspernatur a in. Cumque dolores quidem explicabo exercitationem tenetur est aliquam qui.\nCorporis facilis beatae laborum et assumenda necessitatibus dignissimos. Voluptatem eius facilis ut sint itaque. Nesciunt qui quo sit odio blanditiis. Placeat temporibus sed non amet dignissimos.\nEt voluptates iure sit sit libero voluptate. Dolore atque beatae eum alias adipisci architecto. Qui minus maiores dolores cum quae.\nAutem dolorem sit tenetur sed. Id libero iure velit quas quia quisquam quidem. Dolores vitae fugiat fuga officiis ducimus et magnam. Quisquam aliquid explicabo incidunt voluptate.\nNecessitatibus et dolorem unde. Quos explicabo voluptate maiores illo esse rem rem. Ut veritatis reprehenderit nesciunt ipsum.\nEst officiis earum voluptatem. Quasi rerum molestiae voluptas. Consequuntur doloremque et fuga nisi fugit. Ipsam et ducimus non perferendis est officia.\nDoloribus laudantium error expedita sed nulla repellat iure. Modi quos ut laboriosam ratione expedita possimus sed. Neque delectus voluptas ipsam sapiente.\nVoluptas tempore nobis repellendus aut est. Facere velit facilis omnis. Quidem a eos consequatur ut.\nEveniet reprehenderit fugit labore provident. Et officia velit excepturi debitis quasi et. Rerum distinctio qui quos sed repellendus.\nCulpa laborum eveniet voluptas eligendi optio laborum esse. Qui perspiciatis cum similique dolorem nobis rem. Expedita nihil qui autem ab architecto.\nTempora repellendus provident hic qui est assumenda ut. Cum reprehenderit dolorem ratione error illo eaque velit fuga. Nam ad aperiam illum minus earum. Dolores nobis alias eaque et numquam.\nCommodi nisi velit excepturi molestias eius molestiae. Modi ea quia et iste nobis. Consectetur quod qui id ducimus quo. Eligendi sed aut sequi nesciunt porro ut quis.\nEum fugiat iusto odio soluta et numquam quis. Ut officia est quia illo. Distinctio recusandae laboriosam magni. Facilis dolor sit sequi neque.\nNatus nihil sunt inventore natus. Voluptate sunt beatae repudiandae sit aut. Voluptatem voluptatem iure unde et occaecati sapiente. Architecto suscipit reiciendis dolorem sed ut.\nDebitis consequuntur dolores repellat rerum temporibus. Quia dolore non odit dolorem dicta voluptatem. Atque molestiae quis tempora voluptas libero odit. Voluptates aut non rerum voluptates sit consequuntur a.\nTemporibus debitis ad eum velit non velit iste. Eum quae ipsum dicta iure delectus qui at. Laudantium corrupti est molestiae enim libero ipsam. Sed quos quis aut iure.\nOmnis et dicta est consectetur nam et ipsam. Est magni minus consectetur dicta vel ipsum.\nNisi atque qui ullam at blanditiis itaque minus. Ex molestias sit dolores exercitationem. Est ea et mollitia voluptate quas libero cupiditate.', 'm8.jpg', '2021-06-05 17:18:54');
INSERT INTO `article` (`id`, `seller_id`, `title`, `stock`, `nb_sold`, `price`, `content`, `image`, `created_at`) VALUES
(109, 100, 'Cartier', 100, 0, 260, 'Est ullam velit alias id. Cumque autem quidem soluta est eos. Ab id saepe eius et in ex dolores.\nEsse itaque ea aut et cum. Veritatis sed ipsam qui quam.\nAnimi et modi modi minus. Minima molestias dolore reiciendis et quos. Earum autem consectetur eaque totam reprehenderit quo. Libero ut sed voluptatem placeat autem corporis.\nIn eveniet ratione expedita accusamus ut architecto et. Consequatur ut fugiat perferendis dicta minima eveniet corrupti. Asperiores non dolores omnis qui et qui inventore consequatur. Commodi magnam quasi dolor qui consequatur minus commodi.\nIure minima aspernatur quia deleniti deserunt voluptatibus. Eum eos provident est.\nError tempore maxime unde porro vel beatae. Maiores quis dolorem id ut debitis voluptas ducimus. Molestias repellat rem quos.\nUt doloribus et quo. Qui voluptas totam tenetur qui. Aliquam autem nulla consequatur beatae quis nemo.\nConsequatur qui repudiandae totam ut. Commodi doloribus tempora error mollitia nulla provident dignissimos ea. Assumenda dolorum ad vitae eum corrupti accusamus. Itaque et et quas saepe. Aperiam consequatur velit et aut.\nEx consectetur dolores sunt quisquam. Voluptate nam vero id dicta.\nQuod est molestiae corporis tempore. Id sapiente qui commodi molestias minima. Eligendi explicabo porro consequatur ipsum.\nNostrum perferendis sed minima quia sequi reprehenderit. Illum vitae eum amet qui. Culpa rerum labore ut possimus facere.\nIusto ab magni architecto recusandae aut blanditiis. Consequatur sunt eveniet incidunt sequi tempore quia. Totam et exercitationem cumque vel praesentium.\nEst qui omnis ut culpa sit fugiat. Aut sint quam excepturi nesciunt eligendi aut sed. Alias quia natus asperiores iste. Voluptatibus suscipit doloribus quibusdam molestias reiciendis.\nAlias recusandae atque architecto. Nisi distinctio accusamus quisquam sunt pariatur quae. Blanditiis est commodi soluta.\nTempore eveniet qui voluptate id voluptate ut voluptas esse. Laboriosam eveniet reprehenderit delectus necessitatibus atque fugit rerum. Consequatur tenetur ipsam dolor nisi.\nVoluptates rerum et incidunt nulla vel harum. Voluptate est facilis quis distinctio. Ut voluptatum dicta ab. In quod iste aperiam consequuntur voluptatem.\nQuaerat ut incidunt labore odio aut ex. Quae necessitatibus dolorem at qui cumque ea nemo. Necessitatibus velit tenetur numquam ad enim deserunt non. Consectetur id odit numquam.\nPariatur et sequi rerum veritatis corporis. Voluptatem reiciendis autem perspiciatis quos ea soluta. Ducimus omnis saepe perferendis qui ipsum rerum.\nDolores nostrum dolorum facilis rerum. Sit nulla enim delectus sit quia doloribus earum beatae. Et eos quia ex autem. Saepe praesentium at debitis illo.\nAd ea ea nihil cumque velit. Qui voluptatem exercitationem quis amet. Necessitatibus sed eligendi provident doloremque sint quia.\nDolores rerum quaerat ex neque dolores. Cum rem est esse. Odit eligendi aut et.\nNihil illum et magni odit nulla omnis. Quos molestiae cumque earum quaerat. Non voluptatum in consequatur fuga eius maiores facere.\nId ipsum ad sunt adipisci distinctio veniam et qui. Laboriosam cupiditate labore ut consequatur minima dicta vitae nobis. Rerum consequatur debitis qui aut autem qui tenetur.\nAnimi quae perferendis in id. Voluptatem ut ut consequatur error illum dolor. Quasi facilis veniam vel iusto earum.\nQuae alias quo sunt explicabo a. Temporibus veritatis omnis asperiores similique aliquid. Officiis placeat in assumenda quo.\nDolorum dolorum et dolor sit dolor vero eum. Dolorum qui hic reprehenderit quam delectus et voluptatem. Id dicta incidunt aliquid suscipit et eum. Cupiditate ut harum minima culpa necessitatibus ducimus nesciunt.\nSapiente facere nobis aut deserunt quia. Laboriosam consequatur minima maiores est. Eaque voluptas asperiores aliquid blanditiis corporis. Asperiores et quae odit.\nVoluptatum est consequuntur asperiores magnam eum repudiandae optio. Architecto animi repellat natus accusamus et. Sit et animi dignissimos voluptate asperiores. Et quod sed facere fuga. Architecto reprehenderit qui voluptas.\nExcepturi saepe consectetur distinctio ea quia. Architecto voluptas in voluptates ut quibusdam iure. Quibusdam laborum accusamus et qui debitis eveniet dolorem.\nVel vitae porro non deserunt. Aut labore dolores voluptatum exercitationem odit nobis odit. Qui non voluptatem ad et in repudiandae.\nA eveniet aut officiis rerum magnam magnam. Dicta nobis ab doloribus debitis et. Rerum soluta cupiditate autem.\nDicta et occaecati corrupti. Dolores sit in distinctio.\nEt voluptatem quo vel quis. Et beatae ut doloremque ut est et. Hic aperiam autem doloribus voluptas ipsa doloribus. Molestiae in mollitia est sed optio est.\nEst veniam corporis sequi maiores asperiores. Aut ut dolor officia laudantium quidem nostrum culpa. Est culpa autem at ut ipsum debitis eius. Aut ipsa placeat iusto qui. Provident et ut dolores ipsum.\nEt velit dolorem praesentium rerum et ut est. Iure molestiae ut itaque ullam omnis sapiente esse. Culpa pariatur omnis dolore nemo. Ut enim consequatur quam fugit alias autem.\nImpedit consequatur et et ut veritatis consequatur alias. Qui illum alias magni dolorem et eius eaque. Quos sequi molestiae quasi deserunt eius.\nEos maxime amet enim corporis. Id et illum illum molestiae et in veritatis similique. Vel placeat cum natus sunt harum error tenetur nulla.\nProvident culpa at quo quod. Et commodi temporibus hic in est. Asperiores distinctio sapiente quos laudantium. Illum voluptatibus delectus unde et cumque illo accusantium.\nNon ratione explicabo consectetur nesciunt. Autem quia voluptatem similique laborum. Quae ut vero unde dignissimos quod. Porro quisquam quas ad et.\nVoluptatem totam debitis eius ad sequi eveniet. Aut debitis aut dolor quisquam.\nVoluptatem ex praesentium non quia voluptas voluptas ab. Et aut fugit ullam distinctio. Delectus ipsam quam veniam delectus voluptatem totam nihil.', 'm9.jpg', '2021-06-05 17:18:54'),
(110, 64, 'Gucci', 100, 5, 290, 'Similique exercitationem nihil magni voluptas dolor. Autem voluptas dolorem aut quibusdam perspiciatis. Cum delectus occaecati aut. Aliquam et itaque esse.\nQuia rerum fugit eos aperiam. Exercitationem quo suscipit reiciendis doloribus cum. Maiores labore suscipit qui illo vel. Et tenetur maxime aliquam ullam quia maxime.\nConsequatur officiis vero velit porro qui reiciendis dolor fuga. Dolores minima rerum rerum quia. Ipsum aut veniam quae ipsam. Iste molestiae porro non eum distinctio repellendus dolor.\nVoluptate expedita eos ipsam porro hic illum. Numquam aliquid fuga repellendus voluptatibus animi quia minima. Et nemo sit et facilis.\nBlanditiis autem repellat debitis qui. Voluptatum provident illo sunt. Animi corporis rerum est quis dolor. Optio praesentium quos maxime quibusdam doloribus.\nQui consectetur vitae eveniet nobis. Tempore ut fugit reiciendis consequatur illum. Exercitationem occaecati nam ut ratione.\nExpedita aliquam nobis quis a consequatur sunt est. Ipsum inventore aut eos aliquid veritatis sunt. Dolorem laborum odio nulla. Et itaque et quia soluta est molestiae distinctio.\nVoluptate recusandae aut maxime libero rem voluptatem. Aliquid est minus nesciunt ut dolor voluptatibus. Rem qui quis voluptatum aliquam qui dolorem esse.\nExercitationem accusamus aut alias ipsam fugit quasi. Consequatur aperiam eum enim qui numquam aut. Ipsa dicta autem similique provident nemo culpa neque. Et praesentium amet earum dicta eligendi voluptatem.\nExcepturi molestiae nobis impedit placeat ex et. Reiciendis adipisci inventore architecto odit. Provident qui voluptas molestiae iusto dolor magni et. Aspernatur qui dicta et hic qui. Quia impedit veritatis dolorem veniam vero.\nPerspiciatis omnis laudantium non delectus. Aut est laboriosam quo nulla ut repudiandae esse quis. Vero et et reiciendis unde dolores. Numquam delectus quia dolorum.\nFacilis error ratione quod et sit temporibus consequatur et. Aut suscipit error quam eius. Quia nesciunt rem incidunt voluptatibus.\nEarum ea nobis est. Dolorum qui esse tempora. Temporibus repellat tenetur dignissimos sit animi quibusdam quae. Qui consequatur pariatur in commodi nostrum qui voluptates.\nLaborum voluptatum non mollitia nisi eos dolor dolores. Natus sed voluptas itaque expedita et voluptates sed. Laboriosam asperiores eveniet blanditiis quibusdam ipsam. Debitis numquam quia earum vel totam earum aut.\nVoluptatem enim possimus vero molestiae beatae numquam fuga. Laborum perspiciatis dolor hic illum sunt. Voluptatibus voluptatum minus sint ab at tempora. Quidem aspernatur quis maiores esse.\nOdit omnis quia soluta nisi non et est. Rerum aut ducimus rerum porro. Praesentium explicabo debitis assumenda deserunt est totam.\nReiciendis sint atque fuga eveniet aut fugiat. Non nisi placeat est quo. Ab harum officia eveniet sint quae consequuntur sequi. Officiis reiciendis voluptatem consequatur non.\nNisi et facilis consequatur repudiandae quam laudantium. In tempora ut ab quas. Est consequatur nobis error ratione sapiente repellendus dolorem. At itaque ab consequatur culpa.\nIusto eaque sed qui ducimus et aut vel. Quia quasi molestiae unde harum. Incidunt qui voluptatum eum veniam eos cum. Sit id ea consequatur nulla omnis voluptatum quibusdam.\nUt est vitae labore. Doloremque hic in architecto rerum quia nihil repudiandae. Maxime dolorem voluptatum est rerum. Optio non dolores ab asperiores asperiores numquam dignissimos.\nIncidunt ea quam illum iusto quo beatae fugiat ad. Perspiciatis aut unde omnis velit maxime cum aliquid. Quia quia distinctio aut incidunt sit dignissimos. Et aliquam sint accusamus reiciendis consequatur vitae quia.\nAsperiores omnis et tempore voluptas repellat. Voluptate vel non corrupti et nobis maiores facilis. Non et pariatur repellendus nisi.\nCorporis sint debitis id voluptatibus voluptatem molestiae. Minima voluptatem delectus nostrum harum exercitationem et voluptatem ab. Atque ipsa alias ratione iusto ut at.\nNihil dolorem quia pariatur iure. Molestiae dicta non eligendi quisquam consequuntur. Repudiandae eius labore totam itaque facilis rerum. Enim impedit sed id perspiciatis rerum.\nVoluptatem nobis at ea sit ut. Voluptas quia et atque nihil ut neque. Accusantium illum labore quasi nam ipsam accusantium. Quia minima quia omnis dolorum maiores sed minima.\nEt sed ab laudantium qui cum aut qui. Nobis voluptates voluptatum debitis sunt nobis quasi. Quia sunt adipisci in qui nulla.\nPorro est ut accusamus provident quos at sint. Accusantium provident voluptas quam voluptas. Quis delectus sed unde sit sit enim pariatur harum.\nRepellendus cum blanditiis provident voluptatum sit architecto et. Architecto qui voluptatem et autem consequuntur molestias. Alias velit et asperiores consequatur corporis.\nEveniet esse quam saepe. Error voluptas earum nisi. Pariatur enim et et necessitatibus sed sunt repellat. Voluptas consequatur repellat ullam in libero animi ullam.\nNihil officiis quam ut eveniet laboriosam ipsum. Asperiores atque dicta aut placeat quaerat aspernatur. Hic rerum dolor hic magni quae quam.\nTenetur nihil ut porro praesentium dolores at. Minus dolores id eius consequatur nihil dolorem et. Totam ad maxime consequuntur nemo sunt et voluptatum. Magni quis eligendi corrupti odit alias.\nQuia explicabo sequi voluptatem eum delectus voluptas qui. Enim ratione doloremque rerum ea dolores. Recusandae natus est deserunt tenetur qui fugiat.\nVoluptas facilis cupiditate et ut hic est fuga. Placeat laborum voluptate dolorem cupiditate harum earum dolor.\nDistinctio quae eum sint minima repudiandae consequatur. Ut repellat quia voluptas ut cumque impedit. Repellat laudantium aspernatur voluptas et ad aspernatur.\nAssumenda laudantium tenetur sunt praesentium modi quia. Quod et doloribus placeat molestiae sint enim accusantium. Dolores debitis asperiores repellendus explicabo delectus.', 'm10.jpg', '2021-06-05 17:18:54'),
(111, 51, 'L&V', 100, 8, 2220, '<div>On se sent pro avec ce fauteuil gamer qui diminue le PING !<br>Nofake Nonoob</div>', 'm11.jpg', '2021-06-05 17:34:38');

-- --------------------------------------------------------

--
-- Structure de la table `article_category`
--

CREATE TABLE `article_category` (
  `article_id` int(11) NOT NULL,
  `category_id` int(11) NOT NULL
) ENGINE=InnoDB DEFAULT CHARSET=utf8mb4 COLLATE=utf8mb4_unicode_ci;

--
-- Déchargement des données de la table `article_category`
--

INSERT INTO `article_category` (`article_id`, `category_id`) VALUES
(101, 29),
(102, 25),
(103, 18),
(104, 23),
(105, 22),
(106, 21),
(107, 27),
(108, 24),
(109, 26),
(110, 20),
(111, 16);

-- --------------------------------------------------------

--
-- Structure de la table `category`
--

CREATE TABLE `category` (
  `id` int(11) NOT NULL,
  `title` varchar(255) COLLATE utf8mb4_unicode_ci NOT NULL,
  `description` longtext COLLATE utf8mb4_unicode_ci DEFAULT NULL,
  `image` varchar(255) COLLATE utf8mb4_unicode_ci NOT NULL
) ENGINE=InnoDB DEFAULT CHARSET=utf8mb4 COLLATE=utf8mb4_unicode_ci;

--
-- Déchargement des données de la table `category`
--

INSERT INTO `category` (`id`, `title`, `description`, `image`) VALUES
(16, 'Autem veritatis voluptate magni.', 'Quo at voluptatem ab modi. Soluta odio et veniam. Tempora dolorem sit veniam mollitia eligendi. Et molestias aut ipsum eius.', 'http://lorempixel.com/640/480/?62752'),
(17, 'Veritatis eum pariatur aut excepturi hic.', 'Minus quia nihil minima itaque unde dolor autem. Est in quia laudantium similique. Autem ab sapiente enim est praesentium nihil.', 'http://lorempixel.com/640/480/?29025'),
(18, 'Qui doloremque ipsa veritatis dolorum.', 'Animi et quis voluptates ullam provident. Iusto magni dolor ipsum minus quo et. Sit sapiente odit neque voluptatem dolorem. Ut dolorum ipsam doloribus consequuntur nostrum debitis libero.', 'http://lorempixel.com/640/480/?70260'),
(19, 'Tenetur qui voluptas quo similique officiis.', 'Neque quidem consequatur vel sed impedit dolorem recusandae adipisci. Vel doloribus magnam et dolor aut omnis quia tempore. Non sit perferendis maxime voluptatibus.', 'http://lorempixel.com/640/480/?65255'),
(20, 'Illum et qui eligendi repellat aliquam alias.', 'Placeat laboriosam asperiores nulla nam et quasi earum consectetur. Laudantium velit voluptas et vero asperiores aut ab.', 'http://lorempixel.com/640/480/?23438'),
(21, 'Quas odio provident ut mollitia minima dolorum.', 'Asperiores ducimus eos dolore temporibus. Praesentium velit aliquid cum dolore incidunt. Minima veritatis cumque et similique quis nihil ad. Temporibus dicta impedit eum voluptas.', 'http://lorempixel.com/640/480/?63599'),
(22, 'Eum libero error iste facere cupiditate ratione.', 'Non deserunt voluptatibus vel et quod facere facere. Quidem totam ea incidunt ipsam ut nisi. Dolorem quia modi omnis. Id vero quaerat qui ad tenetur.', 'http://lorempixel.com/640/480/?38212'),
(23, 'Laborum magni omnis blanditiis quis aspernatur.', 'Impedit itaque dolor sit. Mollitia officia cum quasi. Incidunt officia quia vel animi dolores voluptas eaque. Velit impedit tempore ut ipsum possimus officia inventore.\nOfficiis ipsum dolores nisi nostrum. Natus similique et aut aspernatur.', 'http://lorempixel.com/640/480/?78256'),
(24, 'Veniam velit ut animi inventore.', 'Unde consequatur quaerat dolorem soluta facere quis. Iste nam eveniet nobis eveniet in. Nulla nisi sed reiciendis consequuntur aliquam nam. Voluptas perspiciatis maxime dolor et.', 'http://lorempixel.com/640/480/?43526'),
(25, 'Beatae aut facere adipisci aut minima nihil.', 'Similique eaque est nemo quia soluta praesentium facere eum. Consectetur et natus maiores iste voluptate itaque. Placeat at vel et sint et fugit. Voluptatum qui quisquam excepturi. Nihil dolores eos sunt amet neque.', 'http://lorempixel.com/640/480/?25622'),
(26, 'Perferendis aliquid facere excepturi et dolor.', 'Et quisquam sed eveniet nulla tempore sit et. Id repellendus amet corporis exercitationem perspiciatis debitis. A quia non blanditiis voluptatem in.', 'http://lorempixel.com/640/480/?77670'),
(27, 'Aut doloribus et id aut vel.', 'Voluptatem inventore magni quia consequatur exercitationem ipsam harum. Suscipit rerum ut ea est perspiciatis et. Blanditiis quia labore quae amet omnis.', 'http://lorempixel.com/640/480/?57995'),
(28, 'Et quis laboriosam ipsum.', 'Fugiat repellendus esse ut. Odio eius consequuntur quia magni non. Dolor omnis voluptates vel expedita voluptate deleniti distinctio. Consequatur nisi recusandae voluptatibus temporibus eos ut itaque.', 'http://lorempixel.com/640/480/?56612'),
(29, 'Quam deserunt corporis quas magnam sit.', 'Incidunt commodi alias ut ducimus. Facilis aut asperiores et minus aut cupiditate. Rem quis ut vel cumque. Consectetur perspiciatis quo est doloremque dolorum fugit.', 'http://lorempixel.com/640/480/?96392'),
(30, 'Qui doloribus doloremque harum qui dicta.', 'Possimus ut quas id et aut id officiis. Accusantium voluptatibus impedit fugit adipisci aut animi. Qui ipsum nisi voluptatem fugit explicabo. Quis odit velit sunt itaque culpa.', 'http://lorempixel.com/640/480/?24636');

-- --------------------------------------------------------

--
-- Structure de la table `doctrine_migration_versions`
--

CREATE TABLE `doctrine_migration_versions` (
  `version` varchar(191) COLLATE utf8_unicode_ci NOT NULL,
  `executed_at` datetime DEFAULT NULL,
  `execution_time` int(11) DEFAULT NULL
) ENGINE=InnoDB DEFAULT CHARSET=utf8 COLLATE=utf8_unicode_ci;

--
-- Déchargement des données de la table `doctrine_migration_versions`
--

INSERT INTO `doctrine_migration_versions` (`version`, `executed_at`, `execution_time`) VALUES
('DoctrineMigrations\\Version20210604103423', '2021-06-04 12:37:09', 253),
('DoctrineMigrations\\Version20210615193347', '2021-06-18 00:01:43', 290),
('DoctrineMigrations\\Version20210615194012', '2021-06-18 00:01:44', 1),
('DoctrineMigrations\\Version20210615194050', '2021-06-18 00:01:44', 1);

-- --------------------------------------------------------

--
-- Structure de la table `order`
--

CREATE TABLE `order` (
  `id` int(11) NOT NULL,
  `user_id` varchar(255) NOT NULL,
  `status` varchar(255) NOT NULL
) ENGINE=InnoDB DEFAULT CHARSET=utf8mb4;

--
-- Déchargement des données de la table `order`
--

INSERT INTO `order` (`id`, `user_id`, `status`) VALUES
(17, '108', '');

-- --------------------------------------------------------

--
-- Structure de la table `order_item`
--

CREATE TABLE `order_item` (
  `Id` int(11) NOT NULL,
  `article_id` varchar(255) NOT NULL,
  `quantity` int(11) NOT NULL,
  `order_done_id` varchar(255) NOT NULL
) ENGINE=InnoDB DEFAULT CHARSET=utf8mb4;

--
-- Déchargement des données de la table `order_item`
--

INSERT INTO `order_item` (`Id`, `article_id`, `quantity`, `order_done_id`) VALUES
(10, '101', 1, '17');

-- --------------------------------------------------------

--
-- Structure de la table `user`
--

CREATE TABLE `user` (
  `id` int(11) NOT NULL,
  `username` varchar(255) COLLATE utf8mb4_unicode_ci NOT NULL,
  `first_name` varchar(255) COLLATE utf8mb4_unicode_ci NOT NULL,
  `last_name` varchar(255) COLLATE utf8mb4_unicode_ci NOT NULL,
  `email` varchar(255) COLLATE utf8mb4_unicode_ci NOT NULL,
  `password` varchar(255) COLLATE utf8mb4_unicode_ci NOT NULL,
  `created_at` datetime NOT NULL,
  `roles` varchar(255) COLLATE utf8mb4_unicode_ci DEFAULT NULL
) ENGINE=InnoDB DEFAULT CHARSET=utf8mb4 COLLATE=utf8mb4_unicode_ci;

--
-- Déchargement des données de la table `user`
--

INSERT INTO `user` (`id`, `username`, `first_name`, `last_name`, `email`, `password`, `created_at`, `roles`) VALUES
(51, 'Aimee Balistreri', 'Alejandra', 'Bergstrom', 'laurine95@johns.com', 'V/NjJLs^9<@Dfl', '2021-06-05 17:18:54', NULL),
(52, 'Dr. Serena Berge', 'Ramon', 'Okuneva', 'eli.streich@boyle.com', 'gc9E^Q', '2021-06-05 17:18:54', NULL),
(53, 'Prof. Gerald Berge Sr.', 'Cathy', 'Kihn', 'joel28@pfeffer.com', '$^)63OFg1|&^G', '2021-06-05 17:18:54', NULL),
(54, 'Lisette Price', 'Savanna', 'Donnelly', 'alicia68@yahoo.com', ',A{I\'AvrDG;s*^x#lS[', '2021-06-05 17:18:54', NULL),
(55, 'Destin Bashirian PhD', 'Katherine', 'Lang', 'travis.pfeffer@yahoo.com', 'QW2r-2=cfi82c[NZ,1q', '2021-06-05 17:18:54', NULL),
(56, 'Prof. Kristin Gulgowski', 'Santos', 'Wunsch', 'rkirlin@jerde.net', 'nq_C(%_ny_[:b\"\'<yUw(', '2021-06-05 17:18:54', NULL),
(57, 'Giuseppe Morar', 'Willie', 'Hammes', 'ignatius.johnson@ward.net', 'YrL~s}&1/L>%{@ubJ252', '2021-06-05 17:18:54', NULL),
(58, 'Lenore Gutmann II', 'Edna', 'Rohan', 'bruce.kshlerin@johnson.com', '}K]Y>Lw2JRRS@b]', '2021-06-05 17:18:54', NULL),
(59, 'Eleonore Stamm', 'Daisha', 'Daugherty', 'jonathon.spinka@blick.com', '\"y;)bc%sU}9g.i*d7Psh', '2021-06-05 17:18:54', NULL),
(60, 'Arianna Nolan', 'Charlie', 'Stehr', 'destiney.howell@yahoo.com', 'x;%Ze#Y', '2021-06-05 17:18:54', NULL),
(61, 'Ivory Huel V', 'Delilah', 'Ratke', 'gustave69@hotmail.com', 'WuC0l(\"pa+WmL_', '2021-06-05 17:18:54', NULL),
(62, 'Santiago Kovacek', 'Millie', 'Stanton', 'morar.ophelia@borer.info', 'BDLnyDef\"1N3Bnj', '2021-06-05 17:18:54', NULL),
(63, 'Diego Dickens III', 'Niko', 'Monahan', 'gideon.maggio@gmail.com', ')nqa;IB*Sf/+;7)', '2021-06-05 17:18:54', NULL),
(64, 'Prof. Bettie Lehner', 'Destin', 'Wuckert', 'bahringer.florian@gmail.com', 'B(RT%`\\sy?', '2021-06-05 17:18:54', NULL),
(65, 'Dr. Jazmyne Ruecker PhD', 'Aniyah', 'Kilback', 'delphine04@yahoo.com', '_z|>Iu6,ryfH}ZU8E', '2021-06-05 17:18:54', NULL),
(66, 'Dr. Noe Howell V', 'Bertha', 'Gleason', 'swiza@hotmail.com', 'RQwB{Sw@;Tvntg!\\', '2021-06-05 17:18:54', NULL),
(67, 'Dr. Manley Pacocha Jr.', 'Kevon', 'Daugherty', 'justyn.kutch@hagenes.info', 'ABG/4)Db~', '2021-06-05 17:18:54', NULL),
(68, 'Roosevelt Yost', 'Remington', 'Stiedemann', 'elvis69@moore.com', 'h0b)C\'sZ\"a}=]NI', '2021-06-05 17:18:54', NULL),
(69, 'Gregorio Schroeder', 'Tyra', 'Beatty', 'carol03@tromp.com', '!9Tcj*', '2021-06-05 17:18:54', NULL),
(70, 'Prudence Rolfson', 'Jack', 'Runolfsdottir', 'alexandria75@streich.net', 'LT/$Z/{VwMw\'r9b,dPJ', '2021-06-05 17:18:54', NULL),
(71, 'Valentin Padberg', 'Flavio', 'Funk', 'phyllis.simonis@zulauf.com', 'FU/Y\\5/|m456u7L?Ke_=', '2021-06-05 17:18:54', NULL),
(72, 'Valerie Dare', 'Aracely', 'Connelly', 'rath.ariel@abshire.info', 'yL*{{VB', '2021-06-05 17:18:54', NULL),
(73, 'Eugene Mayer', 'Louie', 'Johnston', 'ycummerata@hartmann.com', '<Speq~RJ4S', '2021-06-05 17:18:54', NULL),
(74, 'Juanita Douglas', 'Marjolaine', 'Wolff', 'grimes.conrad@lynch.biz', 'O>fvo=ZaiJZLsyu^}XV', '2021-06-05 17:18:54', NULL),
(75, 'Bryana Collier', 'Wilfrid', 'Mante', 'hromaguera@daugherty.com', 'T)Mlc?I{|', '2021-06-05 17:18:54', NULL),
(76, 'Ransom Farrell', 'Olga', 'Watsica', 'providenci26@friesen.biz', '*<<hDe', '2021-06-05 17:18:54', NULL),
(77, 'Logan Beer', 'Troy', 'Lowe', 'jerde.joaquin@zulauf.biz', '2\\ak-1L\'}_2#', '2021-06-05 17:18:54', NULL),
(78, 'Serena Ratke', 'Joaquin', 'Weber', 'qwehner@yahoo.com', '32KyBb5.l', '2021-06-05 17:18:54', NULL),
(79, 'Colin Boehm', 'Roy', 'Prohaska', 'ijacobi@gmail.com', 'NBlgSR~', '2021-06-05 17:18:54', NULL),
(80, 'Brock Emmerich', 'Leann', 'Smitham', 'meda.donnelly@hotmail.com', '\'eI4+}4[00DR|dg', '2021-06-05 17:18:54', NULL),
(81, 'Yessenia Gislason', 'Hipolito', 'Hirthe', 'johnson.eusebio@hudson.com', '@0}AG+A,,,*12f/]', '2021-06-05 17:18:54', NULL),
(82, 'Mr. Tracey Rippin MD', 'Meredith', 'Blick', 'gonzalo.schinner@gmail.com', 'iJ<Eso', '2021-06-05 17:18:54', NULL),
(83, 'Prof. Alyson O\'Reilly', 'Lucius', 'Marks', 'wboyle@harber.info', '&c4?IN$KT8)', '2021-06-05 17:18:54', NULL),
(84, 'Edmund Pouros', 'Laron', 'Hauck', 'jewell91@gmail.com', '#Agw=}{=pKX', '2021-06-05 17:18:54', NULL),
(85, 'Kari Carroll', 'Elyssa', 'Walker', 'jerod24@dooley.com', '+iLu0Sd22(d9_%[e', '2021-06-05 17:18:54', NULL),
(86, 'Wilson Friesen', 'Sheridan', 'Pacocha', 'alvera70@pacocha.info', '8!zwyQ_', '2021-06-05 17:18:54', NULL),
(87, 'Syble Streich', 'Amira', 'Johnson', 'vprohaska@muller.com', 'sn#R4|u|~}\'~=', '2021-06-05 17:18:54', NULL),
(88, 'Carmela Leuschke', 'Laverne', 'Murphy', 'bartoletti.flavio@kessler.com', '&s#\"<{<bBpW)&', '2021-06-05 17:18:54', NULL),
(89, 'Rodrick Kohler', 'Myriam', 'Cronin', 'skiles.easter@gmail.com', 'A,M\";.$xoHBQK;O', '2021-06-05 17:18:54', NULL),
(90, 'Marjolaine Sporer', 'Malinda', 'Jast', 'muller.arlo@hotmail.com', '+96=\\D-oXFb8', '2021-06-05 17:18:54', NULL),
(91, 'Katheryn Schmitt', 'Jaylin', 'Bernhard', 'cbaumbach@mosciski.biz', '!}irgj?1Bq)^^j3@d[', '2021-06-05 17:18:54', NULL),
(92, 'Hazle Koepp', 'Alec', 'O\'Conner', 'godfrey25@yahoo.com', 'P8Y[$6&O_B/1}B~\'', '2021-06-05 17:18:54', NULL),
(93, 'Kayleigh Morar', 'Brad', 'Lebsack', 'considine.golda@yahoo.com', ']8I[](?uK6nP]b}Y\"', '2021-06-05 17:18:54', NULL),
(94, 'Dr. Lafayette Strosin', 'Jaleel', 'Lynch', 'pollich.madonna@lueilwitz.com', 'h!kpJG*m0+!7\\O9D?i', '2021-06-05 17:18:54', NULL),
(95, 'Nicholaus Ullrich', 'Cristian', 'Towne', 'sherwood.luettgen@howell.com', 'Wkn{-I', '2021-06-05 17:18:54', NULL),
(96, 'Louvenia Wisoky Jr.', 'Erik', 'Roob', 'judge15@yahoo.com', 'fN{[Qh2', '2021-06-05 17:18:54', NULL),
(97, 'Savanah Maggio II', 'Lance', 'Harris', 'fredy.weber@vonrueden.com', '4-C!Jqp:*UsaHou{@{', '2021-06-05 17:18:54', NULL),
(98, 'Amiya Klein', 'Filomena', 'Ward', 'braun.orville@fay.info', 'z)cU1X<7^vUs7t\\Z', '2021-06-05 17:18:54', NULL),
(99, 'Miss Adela Goodwin V', 'Ona', 'Flatley', 'heathcote.lilla@yahoo.com', 'x6n,Xo', '2021-06-05 17:18:54', NULL),
(100, 'Zane Abbott', 'Emelie', 'Kiehn', 'naomie.ryan@gmail.com', '=[dn6JZ3bd=/$@u`o', '2021-06-05 17:18:54', NULL),
(101, 'tes', 'test', 'test', 'tes@test', '$2y$13$BHaWiQpWWNx4zNxJyTkwAOspRyX38OTJu6XGXOiRof2PC8GPwzMNa', '0000-00-00 00:00:00', '[]'),
(102, 'New user name!', 'New first name!', 'New last name!', 'test@test.com', '$2y$13$JqdjQ8knffpalzIP8fCDI.POfVSvTSe2LzRSmy5yiZRIWybrmkSAu', '0000-00-00 00:00:00', '[]'),
(103, 'test', 'test', 'test', 'test@nabil.com', '$2y$13$xdC6dbWZPlwonijjPCOrEe5xrdVwZ4lbSmXixKbkgcwYMAHwmNbrG', '0000-00-00 00:00:00', '[\"ROLE_ADMIN\"]'),
(104, 'test', 'test', 'test', 'toto@test.com', '$2y$13$O/o/PU.q7DgWNTjX3TdA3.jh2B7DPgZmfb4B1v0qaL2.wds3fw7hG', '0000-00-00 00:00:00', '[]'),
(106, 'nabil', 'nabil', 'nabil', 'nabil@nabil.com', '$2y$13$QQ54x/RKLDBnOWDg0ELlAe5vdRcBoIYhYgnVCnqWoHjVQ2aLiW3Ha', '0000-00-00 00:00:00', '[]'),
(107, 'admin', 'admin', 'admin', 'admin@admin.fr', '$2y$13$irYHS8mhToq8t9EfHyxWPuXIdGyHunkCXgVeWaIjR29mH.3LMvWMe', '0000-00-00 00:00:00', '[\"ROLE_ADMIN\"]'),
(108, 'new username', 'new firstname', 'new lastname', 'test@test.fr', '$2y$13$VXWEE5dfOOSzcqB1U8Dra.fZbIEB9hfi9.0bDgQMgi9IDQ.kSXszK', '0000-00-00 00:00:00', '[]');

--
-- Index pour les tables déchargées
--

--
-- Index pour la table `article`
--
ALTER TABLE `article`
  ADD PRIMARY KEY (`id`),
  ADD KEY `IDX_23A0E66F675F31B` (`seller_id`);

--
-- Index pour la table `article_category`
--
ALTER TABLE `article_category`
  ADD PRIMARY KEY (`article_id`,`category_id`),
  ADD KEY `IDX_53A4EDAA7294869C` (`article_id`),
  ADD KEY `IDX_53A4EDAA12469DE2` (`category_id`);

--
-- Index pour la table `category`
--
ALTER TABLE `category`
  ADD PRIMARY KEY (`id`);

--
-- Index pour la table `doctrine_migration_versions`
--
ALTER TABLE `doctrine_migration_versions`
  ADD PRIMARY KEY (`version`);

--
-- Index pour la table `order`
--
ALTER TABLE `order`
  ADD PRIMARY KEY (`id`);

--
-- Index pour la table `order_item`
--
ALTER TABLE `order_item`
  ADD PRIMARY KEY (`Id`);

--
-- Index pour la table `user`
--
ALTER TABLE `user`
  ADD PRIMARY KEY (`id`);

--
-- AUTO_INCREMENT pour les tables déchargées
--

--
-- AUTO_INCREMENT pour la table `article`
--
ALTER TABLE `article`
  MODIFY `id` int(11) NOT NULL AUTO_INCREMENT, AUTO_INCREMENT=112;

--
-- AUTO_INCREMENT pour la table `category`
--
ALTER TABLE `category`
  MODIFY `id` int(11) NOT NULL AUTO_INCREMENT, AUTO_INCREMENT=31;

--
-- AUTO_INCREMENT pour la table `order`
--
ALTER TABLE `order`
  MODIFY `id` int(11) NOT NULL AUTO_INCREMENT, AUTO_INCREMENT=18;

--
-- AUTO_INCREMENT pour la table `order_item`
--
ALTER TABLE `order_item`
  MODIFY `Id` int(11) NOT NULL AUTO_INCREMENT, AUTO_INCREMENT=11;

--
-- AUTO_INCREMENT pour la table `user`
--
ALTER TABLE `user`
  MODIFY `id` int(11) NOT NULL AUTO_INCREMENT, AUTO_INCREMENT=109;

--
-- Contraintes pour les tables déchargées
--

--
-- Contraintes pour la table `article`
--
ALTER TABLE `article`
  ADD CONSTRAINT `FK_23A0E668DE820D9` FOREIGN KEY (`seller_id`) REFERENCES `user` (`id`);
COMMIT;

/*!40101 SET CHARACTER_SET_CLIENT=@OLD_CHARACTER_SET_CLIENT */;
/*!40101 SET CHARACTER_SET_RESULTS=@OLD_CHARACTER_SET_RESULTS */;
/*!40101 SET COLLATION_CONNECTION=@OLD_COLLATION_CONNECTION */;
